[
  {
    "Date": "2025-06-16",
    "Référence": "gid://shopify/Customer/8426470998206",
    "Description": "az FO",
    "Montant HT": "0.00",
    "E-Levy": "0.00",
    "Total TTC": "0.00",
    "Mode de paiement": "N/A"
  },
  {
    "Date": "2025-06-16",
    "Référence": "gid://shopify/Customer/8426849927358",
    "Description": "Bernado ADIKPETO",
    "Montant HT": "0.00",
    "E-Levy": "0.00",
    "Total TTC": "0.00",
    "Mode de paiement": "N/A"
  },
  {
    "Date": "2025-06-16",
    "Référence": "gid://shopify/Customer/8426857889982",
    "Description": "Client Test",
    "Montant HT": "0.00",
    "E-Levy": "0.00",
    "Total TTC": "0.00",
    "Mode de paiement": "N/A"
  }
]